County,Quarter,New_House_n,Sales_Volume_n,Sales_Value_MEur,Median_Price_Eur,Mean_Price_Eur,Stock_House_n,Vacant_House_n,Population
Carlow,2011Q1,17,50,6.8,153205,136542,23165,3202,54612
Carlow,2011Q2,24,59,6.6,110000,111140,23165,3202,54612
Carlow,2011Q3,24,62,5.9,77833,96286,23170,3150,54728
Carlow,2011Q4,38,74,6.1000000000000005,71848,81263,23175,3098,54844
Carlow,2012Q1,17,48,3.9000000000000004,77666,80014,23181,3046,54960
Carlow,2012Q2,10,66,4.6000000000000005,59750,68359,23186,2994,55076
Carlow,2012Q3,11,67,6.1,84333,92883,23192,2942,55192
Carlow,2012Q4,17,112,9.4,71866,83378,23197,2890,55308
Carlow,2013Q1,7,53,4.9,80833,94575,23203,2838,55424
Carlow,2013Q2,10,104,10.2,81319,96183,23208,2786,55540
Carlow,2013Q3,16,96,7.9,81608,90396,23214,2734,55656
Carlow,2013Q4,9,159,14.399999999999999,72236,93995,23219,2682,55772
Carlow,2014Q1,22,67,5.6,88333,83677,23224,2630,55888
Carlow,2014Q2,18,101,8.4,78333,82464,23230,2578,56004
Carlow,2014Q3,21,145,13.1,79083,89101,23235,2526,56120
Carlow,2014Q4,12,175,19.400000000000002,113275,113976,23241,2474,56236
Carlow,2015Q1,17,112,13.0,108166,118744,23246,2422,56352
Carlow,2015Q2,15,125,12.899999999999999,105448,102410,23252,2370,56468
Carlow,2015Q3,34,144,16.5,113833,119494,23257,2318,56584
Carlow,2015Q4,33,200,21.2,94908,109258,23263,2266,56700
Carlow,2016Q1,15,128,13.899999999999999,104333,109746,23268,2214,56816
Carlow,2016Q2,18,99,12.9,124166,128436,23274,2162,56932
Carlow,2016Q3,24,155,20.2,116083,133236,23332,2157,57140
Carlow,2016Q4,26,172,22.7,131666,131154,23391,2152,57348
Carlow,2017Q1,16,115,15.1,128166,130284,23450,2147,57556
Carlow,2017Q2,26,164,18.9,105000,114800,23509,2142,57765
Carlow,2017Q3,31,126,18.8,143500,149361,23568,2138,57973
Carlow,2017Q4,27,183,23.299999999999997,123333,126889,23627,2133,58181
Carlow,2018Q1,47,157,22.1,137583,140827,23685,2128,58390
Carlow,2018Q2,44,162,22.1,129583,137725,23744,2123,58598
Carlow,2018Q3,40,214,31.5,136666,153367,23803,2118,58806
Carlow,2018Q4,97,239,37.6,162750,155395,23862,2114,59014
Carlow,2019Q1,41,155,22.0,145085,142770,23921,2109,59223
Carlow,2019Q2,41,165,26.299999999999997,166750,159457,23980,2104,59431
Carlow,2019Q3,40,204,30.799999999999997,145666,150812,24038,2099,59639
Carlow,2019Q4,73,207,33.9,166248,163144,24097,2094,59848
Carlow,2020Q1,25,148,22.4,147166,150404,24156,2090,60056
Carlow,2020Q2,45,89,13.0,142416,145832,24215,2085,60264
Carlow,2020Q3,66,133,22.5,172666,169465,24274,2080,60472
Carlow,2020Q4,62,246,45.8,186595,181780,24333,2075,60681
Carlow,2021Q1,35,157,26.0,147061,158587,24391,2070,60889
Carlow,2021Q2,79,160,28.4,175666,175277,24450,2066,61097
Carlow,2021Q3,44,204,37.1,185166,181587,24509,2061,61306
Carlow,2021Q4,94,310,64.8,211590,207119,24568,2056,61514
Carlow,2022Q1,60,186,34.4,195333,184068,24627,2051,61722
Carlow,2022Q2,50,192,38.1,208250,197535,24686,2047,61931
Cavan,2011Q1,61,65,7.7,114695,118761,33711,7277,73183
Cavan,2011Q2,28,78,7.6,88583,96823,33711,7277,73183
Cavan,2011Q3,45,103,10.6,98583,102205,33704,7206,73332
Cavan,2011Q4,37,94,7.9,78000,83449,33698,7136,73482
Cavan,2012Q1,20,80,6.2,72000,79876,33692,7066,73631
Cavan,2012Q2,23,105,6.8,54083,64554,33685,6996,73781
Cavan,2012Q3,23,100,8.4,79333,85075,33679,6926,73931
Cavan,2012Q4,33,138,11.7,78329,85437,33673,6856,74080
Cavan,2013Q1,15,86,7.0,75291,81793,33666,6786,74230
Cavan,2013Q2,17,98,6.4,51087,65761,33660,6716,74380
Cavan,2013Q3,16,152,11.6,62416,76401,33654,6646,74529
Cavan,2013Q4,21,227,15.8,59016,75591,33648,6576,74679
Cavan,2014Q1,25,210,9.8,26045,50745,33641,6505,74829
Cavan,2014Q2,22,170,12.5,57000,73698,33635,6435,74978
Cavan,2014Q3,23,210,16.9,65883,80611,33629,6365,75128
Cavan,2014Q4,32,300,23.5,66462,81109,33622,6295,75278
Cavan,2015Q1,17,180,14.2,73606,79406,33616,6225,75427
Cavan,2015Q2,12,216,16.6,66207,77121,33610,6155,75577
Cavan,2015Q3,24,178,18.2,82735,99928,33603,6085,75727
Cavan,2015Q4,38,281,25.4,79761,91636,33597,6015,75876
Cavan,2016Q1,20,164,15.7,85604,95964,33591,5945,76026
Cavan,2016Q2,47,168,16.1,83000,96156,33585,5875,76176
Cavan,2016Q3,43,223,21.3,89012,95928,33627,5844,76385
Cavan,2016Q4,35,267,25.7,84333,96748,33669,5814,76594
Cavan,2017Q1,35,224,22.700000000000003,78933,100198,33712,5783,76804
Cavan,2017Q2,39,206,22.1,97500,107110,33754,5753,77013
Cavan,2017Q3,31,211,21.9,92333,103978,33796,5722,77222
Cavan,2017Q4,38,267,32.2,111166,120630,33839,5692,77432
Cavan,2018Q1,35,171,19.7,95333,115682,33881,5662,77641
Cavan,2018Q2,39,213,25.6,103231,121005,33923,5631,77851
Cavan,2018Q3,38,210,25.5,114671,121083,33966,5601,78060
Cavan,2018Q4,47,279,38.1,133333,136416,34008,5570,78269
Cavan,2019Q1,33,185,22.9,113333,120421,34050,5540,78479
Cavan,2019Q2,32,220,26.7,124555,121806,34093,5510,78688
Cavan,2019Q3,38,219,30.1,140017,137108,34135,5479,78897
Cavan,2019Q4,36,267,36.1,125154,138292,34177,5449,79107
Cavan,2020Q1,37,192,24.599999999999998,123369,126080,34220,5418,79316
Cavan,2020Q2,30,130,17.2,134000,132393,34262,5388,79526
Cavan,2020Q3,63,195,22.4,117500,115056,34304,5357,79735
Cavan,2020Q4,68,332,44.2,120000,136029,34347,5327,79944
Cavan,2021Q1,54,232,32.8,140833,142178,34389,5297,80154
Cavan,2021Q2,59,211,30.7,150000,142846,34431,5266,80363
Cavan,2021Q3,43,331,44.4,124804,137078,34474,5236,80572
Cavan,2021Q4,44,270,46.1,155000,169745,34516,5205,80782
Cavan,2022Q1,45,195,33.5,165666,171775,34558,5175,80991
Cavan,2022Q2,79,214,37.3,171666,175075,34601,5145,81201
Clare,2011Q1,52,121,13.1,93000,109565,55616,11782,117196
Clare,2011Q2,49,137,15.600000000000001,113718,112567,55616,11782,117196
Clare,2011Q3,47,156,19.3,107000,124145,55624,11739,117277
Clare,2011Q4,57,176,19.7,81602,112366,55632,11696,117358
Clare,2012Q1,44,130,14.0,92666,107111,55640,11653,117439
Clare,2012Q2,38,166,17.4,90750,104984,55648,11610,117520
Clare,2012Q3,39,184,21.4,96166,119385,55656,11567,117601
Clare,2012Q4,39,255,23.200000000000003,84916,90115,55664,11524,117682
Clare,2013Q1,27,115,12.4,87342,107094,55673,11482,117763
Clare,2013Q2,31,191,16.4,73333,86420,55681,11439,117844
Clare,2013Q3,26,230,23.6,86833,102913,55689,11396,117925
Clare,2013Q4,39,240,23.1,77143,94300,55697,11353,118006
Clare,2014Q1,38,183,17.0,72680,93648,55705,11310,118087
Clare,2014Q2,34,237,22.2,71575,93828,55713,11267,118168
Clare,2014Q3,45,269,26.5,85246,99774,55721,11224,118249
Clare,2014Q4,44,514,52.5,78858,102724,55730,11182,118330
Clare,2015Q1,22,312,29.0,71916,96477,55738,11139,118411
Clare,2015Q2,39,290,29.6,80500,102298,55746,11096,118492
Clare,2015Q3,34,403,37.0,74516,90230,55754,11053,118573
Clare,2015Q4,51,398,47.2,104916,118565,55762,11010,118654
Clare,2016Q1,36,415,62.1,134460,139305,55770,10967,118735
Clare,2016Q2,50,327,38.6,101666,117320,55779,10925,118817
Clare,2016Q3,55,362,45.0,113500,125319,55877,10898,119175
Clare,2016Q4,85,374,48.4,118333,129761,55976,10871,119533
Clare,2017Q1,58,309,40.5,123333,131734,56075,10844,119892
Clare,2017Q2,50,315,62.800000000000004,115166,212313,56173,10817,120250
Clare,2017Q3,84,356,49.9,133916,139982,56272,10790,120609
Clare,2017Q4,62,427,56.2,124583,131837,56371,10764,120967
Clare,2018Q1,57,273,42.6,151666,155969,56469,10737,121325
Clare,2018Q2,55,285,44.1,155900,155586,56568,10710,121684
Clare,2018Q3,75,362,56.800000000000004,145833,156870,56667,10683,122042
Clare,2018Q4,56,415,65.0,150083,156434,56766,10656,122401
Clare,2019Q1,55,288,41.6,141000,144390,56864,10629,122759
Clare,2019Q2,120,316,50.3,154833,158951,56963,10603,123118
Clare,2019Q3,102,376,60.3,157666,159981,57062,10576,123476
Clare,2019Q4,107,437,74.8,168166,170726,57160,10549,123834
Clare,2020Q1,76,308,46.9,148916,151787,57259,10522,124193
Clare,2020Q2,72,220,34.4,156161,156448,57358,10495,124551
Clare,2020Q3,113,295,43.2,149333,148338,57457,10468,124910
Clare,2020Q4,133,437,78.1,178500,179091,57555,10442,125268
Clare,2021Q1,60,305,54.2,168333,180047,57654,10415,125626
Clare,2021Q2,119,332,56.7,168333,170986,57753,10388,125985
Clare,2021Q3,87,412,79.3,178833,192975,57851,10361,126343
Clare,2021Q4,146,489,97.4,183166,197936,57950,10334,126702
Clare,2022Q1,144,346,74.3,212166,215451,58049,10307,127060
Clare,2022Q2,175,373,77.2,207333,206112,58148,10281,127419
Cork,2011Q1,207,555,85.5,146167,152732,227675,33329,519032
Cork,2011Q2,236,660,103.30000000000001,156916,156349,227675,33329,519032
Cork,2011Q3,215,693,103.80000000000001,148283,151433,227766,33023,520223
Cork,2011Q4,219,937,118.4,108500,128030,227857,32717,521415
Cork,2012Q1,142,617,78.6,111666,127515,227948,32411,522607
Cork,2012Q2,142,759,97.19999999999999,102725,127666,228039,32105,523799
Cork,2012Q3,155,845,126.0,137091,149428,228130,31799,524991
Cork,2012Q4,170,1315,178.1,125833,134564,228221,31493,526182
Cork,2013Q1,104,672,88.2,114000,131526,228312,31187,527374
Cork,2013Q2,170,782,98.6,103166,126239,228403,30881,528566
Cork,2013Q3,117,938,135.5,125000,144147,228494,30575,529758
Cork,2013Q4,178,1429,208.7,131116,144923,228585,30269,530950
Cork,2014Q1,100,858,114.69999999999999,114581,133115,228676,29963,532141
Cork,2014Q2,140,1145,165.3,128083,144239,228767,29657,533333
Cork,2014Q3,144,1362,218.0,137666,160387,228858,29351,534525
Cork,2014Q4,177,1943,305.8,130750,157698,228949,29045,535717
Cork,2015Q1,138,1305,198.89999999999998,131083,152529,229040,28739,536909
Cork,2015Q2,177,1316,219.6,153582,166949,229131,28433,538100
Cork,2015Q3,195,1471,262.6,162500,178462,229222,28127,539292
Cork,2015Q4,268,1806,326.3,156811,181115,229313,27821,540484
Cork,2016Q1,202,1234,223.39999999999998,162123,181955,229404,27515,541676
Cork,2016Q2,229,1402,243.0,154287,173187,229495,27209,542868
Cork,2016Q3,251,1624,313.8,176333,193359,230024,27098,544466
Cork,2016Q4,280,1899,364.4,176222,193210,230553,26988,546064
Cork,2017Q1,280,1338,261.2,181203,194988,231083,26877,547663
Cork,2017Q2,316,1515,294.1,183333,194424,231612,26767,549261
Cork,2017Q3,341,1763,356.9,193333,202762,232141,26657,550860
Cork,2017Q4,455,2073,422.7,188558,202673,232671,26546,552458
Cork,2018Q1,343,1281,278.0,194666,216611,233200,26436,554057
Cork,2018Q2,445,1551,341.1,205000,219926,233729,26326,555655
Cork,2018Q3,446,1713,385.40000000000003,211944,225742,234259,26215,557254
Cork,2018Q4,504,2147,506.6,203784,232190,234788,26105,558852
Cork,2019Q1,424,1506,350.20000000000005,204167,230823,235317,25994,560451
Cork,2019Q2,534,1725,394.1,217666,228453,235847,25884,562049
Cork,2019Q3,437,1873,437.1,229348,233266,236376,25774,563647
Cork,2019Q4,752,2228,510.9,224166,229364,236905,25663,565246
Cork,2020Q1,596,1542,339.7,221666,218906,237435,25553,566844
Cork,2020Q2,332,1132,265.0,236666,233893,237964,25443,568443
Cork,2020Q3,732,1421,316.3,220833,220349,238493,25332,570041
Cork,2020Q4,794,2101,544.0,243719,254934,239023,25222,571640
Cork,2021Q1,459,1492,357.09999999999997,232439,240442,239552,25111,573238
Cork,2021Q2,563,1624,388.0,235666,238357,240081,25001,574837
Cork,2021Q3,550,1772,450.7,251333,252743,240611,24891,576435
Cork,2021Q4,654,2183,575.9,255000,263498,241140,24780,578034
Cork,2022Q1,497,1592,427.79999999999995,259000,268857,241669,24670,579632
Cork,2022Q2,856,1656,447.3,262912,270043,242199,24560,581231
Donegal,2011Q1,118,149,14.5,78733,98961,83918,23996,161137
Donegal,2011Q2,139,167,15.899999999999999,80000,95678,83918,23996,161137
Donegal,2011Q3,115,187,16.4,79646,86713,83918,23945,161039
Donegal,2011Q4,88,233,23.1,81646,97249,83919,23895,160942
Donegal,2012Q1,114,203,15.5,67166,76827,83919,23845,160845
Donegal,2012Q2,74,199,16.4,74583,81619,83920,23795,160748
Donegal,2012Q3,92,231,17.3,55666,75286,83921,23745,160650
Donegal,2012Q4,78,336,24.5,59333,72126,83921,23694,160553
Donegal,2013Q1,54,175,13.1,70082,74613,83922,23644,160456
Donegal,2013Q2,60,183,13.600000000000001,55808,73562,83923,23594,160359
Donegal,2013Q3,62,247,19.5,62875,78735,83923,23544,160261
Donegal,2013Q4,74,307,22.5,62458,73230,83924,23494,160164
Donegal,2014Q1,55,249,17.8,61706,75062,83925,23443,160067
Donegal,2014Q2,62,322,23.9,62666,75175,83925,23393,159970
Donegal,2014Q3,63,348,27.1,71333,79139,83926,23343,159872
Donegal,2014Q4,76,483,41.2,75790,89293,83927,23293,159775
Donegal,2015Q1,51,296,30.599999999999998,80666,104092,83927,23243,159678
Donegal,2015Q2,67,417,36.9,76516,88852,83928,23192,159581
Donegal,2015Q3,58,391,38.4,85500,98142,83929,23142,159483
Donegal,2015Q4,69,470,46.4,83750,98312,83929,23092,159386
Donegal,2016Q1,57,347,32.4,77250,93383,83930,23042,159289
Donegal,2016Q2,83,373,39.2,88583,105207,83931,22992,159192
Donegal,2016Q3,74,366,35.9,83083,97501,84037,22960,159489
Donegal,2016Q4,75,518,48.5,81666,93647,84144,22928,159786
Donegal,2017Q1,76,314,30.9,94333,98486,84250,22896,160083
Donegal,2017Q2,93,366,36.3,91666,99347,84357,22864,160380
Donegal,2017Q3,95,418,40.4,82600,96957,84463,22832,160677
Donegal,2017Q4,99,423,46.0,102615,108169,84570,22801,160974
Donegal,2018Q1,87,325,29.8,82166,91331,84677,22769,161271
Donegal,2018Q2,90,438,39.5,84833,90727,84783,22737,161568
Donegal,2018Q3,125,411,45.7,106750,110923,84890,22705,161865
Donegal,2018Q4,131,530,55.7,100333,104812,84996,22673,162162
Donegal,2019Q1,85,343,35.5,90219,102295,85103,22641,162459
Donegal,2019Q2,111,379,39.8,92083,104917,85210,22610,162756
Donegal,2019Q3,133,448,53.3,108333,118988,85316,22578,163053
Donegal,2019Q4,103,547,61.0,102596,112092,85423,22546,163350
Donegal,2020Q1,122,351,43.8,117750,124885,85529,22514,163647
Donegal,2020Q2,99,235,24.5,101000,105016,85636,22482,163944
Donegal,2020Q3,131,402,45.900000000000006,108665,112334,85742,22450,164241
Donegal,2020Q4,228,583,77.3,120500,131607,85849,22419,164538
Donegal,2021Q1,84,392,49.8,118666,127056,85956,22387,164835
Donegal,2021Q2,124,533,60.3,97833,114718,86062,22355,165132
Donegal,2021Q3,109,434,58.5,123333,134046,86169,22323,165429
Donegal,2021Q4,162,590,79.6,130250,134873,86275,22291,165726
Donegal,2022Q1,133,391,60.6,138500,155077,86382,22259,166023
Donegal,2022Q2,162,443,67.4,135666,151867,86489,22228,166321
Dublin,2011Q1,287,1412,364.9,214207,259102,527665,43707,1273069
Dublin,2011Q2,327,1602,387.79999999999995,205275,242742,527665,43707,1273069
Dublin,2011Q3,181,2028,534.6,212662,263866,527819,43171,1276783
Dublin,2011Q4,169,2408,541.0,186333,227011,527973,42636,1280498
Dublin,2012Q1,110,1739,411.1,183333,236994,528128,42100,1284212
Dublin,2012Q2,100,2245,508.29999999999995,174086,225435,528282,41565,1287927
Dublin,2012Q3,145,2636,697.8,197483,264664,528437,41029,1291641
Dublin,2012Q4,229,3874,904.8,191000,233835,528591,40494,1295356
Dublin,2013Q1,113,1885,451.20000000000005,168750,239633,528745,39958,1299070
Dublin,2013Q2,185,2444,618.7,188233,252430,528900,39423,1302785
Dublin,2013Q3,181,3309,891.0,205991,269878,529054,38887,1306499
Dublin,2013Q4,350,4195,1196.8,216833,288094,529209,38352,1310214
Dublin,2014Q1,301,2412,645.5,203750,267574,529363,37816,1313928
Dublin,2014Q2,441,3255,982.1,235833,302037,529517,37281,1317643
Dublin,2014Q3,432,4613,1537.8,278333,335309,529672,36745,1321357
Dublin,2014Q4,534,6179,1853.5,244666,301434,529826,36210,1325072
Dublin,2015Q1,445,3767,1149.5,249104,304622,529981,35674,1328786
Dublin,2015Q2,438,4500,1306.1,240049,290088,530135,35139,1332501
Dublin,2015Q3,563,4168,1445.3,285166,347372,530289,34603,1336215
Dublin,2015Q4,671,4501,1499.9,268913,333473,530444,34068,1339930
Dublin,2016Q1,792,3518,1153.0,265500,331099,530598,33532,1343644
Dublin,2016Q2,844,4086,1439.9,290101,353106,530753,32997,1347359
Dublin,2016Q3,838,4510,1695.1,303333,375773,532306,33000,1351664
Dublin,2016Q4,1093,5797,2055.2,287753,359223,533860,33003,1355970
Dublin,2017Q1,1043,3945,1468.9,307333,372893,535413,33007,1360276
Dublin,2017Q2,1257,4272,1605.4,312750,374782,536967,33010,1364582
Dublin,2017Q3,1515,5184,2033.7,320982,392654,538520,33013,1368888
Dublin,2017Q4,1750,6445,2445.1,315000,379798,540074,33017,1373194
Dublin,2018Q1,1193,4335,1643.5,315333,380680,541627,33020,1377500
Dublin,2018Q2,1792,4926,1903.0,330999,386385,543181,33023,1381806
Dublin,2018Q3,1851,5369,2220.6,348313,414982,544734,33027,1386112
Dublin,2018Q4,2020,6636,2585.8,335093,389611,546288,33030,1390418
Dublin,2019Q1,1475,4142,1565.6999999999998,332989,378943,547841,33033,1394724
Dublin,2019Q2,1473,5253,2031.4,336044,386628,549395,33037,1399030
Dublin,2019Q3,1941,6087,2448.4,359065,403354,550948,33040,1403335
Dublin,2019Q4,2051,7460,2807.8,329203,377669,552502,33043,1407641
Dublin,2020Q1,1643,4819,1951.4,378008,403647,554055,33047,1411947
Dublin,2020Q2,834,3023,1182.0,349991,391453,555609,33050,1416253
Dublin,2020Q3,1102,4162,1670.4,353313,399477,557162,33053,1420559
Dublin,2020Q4,2479,6505,2680.6,351333,411445,558716,33057,1424865
Dublin,2021Q1,1007,4471,1872.5,351926,419192,560269,33060,1429171
Dublin,2021Q2,1526,4509,1954.6999999999998,360466,432852,561823,33063,1433477
Dublin,2021Q3,1237,5172,2378.7,380333,459374,563376,33067,1437783
Dublin,2021Q4,2514,6233,2800.7,376453,451193,564930,33070,1442089
Dublin,2022Q1,2146,4689,2064.1,378333,440861,566483,33073,1446395
Dublin,2022Q2,2729,5066,2333.8,393333,459997,568037,33077,1450701
Galway,2011Q1,108,236,34.9,138590,147395,111177,18821,250653
Galway,2011Q2,125,277,41.4,144342,147793,111177,18821,250653
Galway,2011Q3,114,330,45.2,133666,137149,111220,18710,251023
Galway,2011Q4,125,419,54.8,109555,130555,111264,18599,251393
Galway,2012Q1,83,247,27.9,92216,113599,111308,18488,251763
Galway,2012Q2,78,312,37.9,113808,121148,111352,18378,252134
Galway,2012Q3,76,377,50.7,133150,133931,111396,18267,252504
Galway,2012Q4,96,594,72.2,106000,121789,111440,18156,252874
Galway,2013Q1,78,281,34.6,104833,123360,111483,18045,253244
Galway,2013Q2,88,433,54.6,113255,124381,111527,17935,253615
Galway,2013Q3,71,498,66.7,108966,134355,111571,17824,253985
Galway,2013Q4,74,638,86.4,116000,133283,111615,17713,254355
Galway,2014Q1,71,410,53.900000000000006,117750,132647,111659,17602,254725
Galway,2014Q2,77,584,77.6,116131,132956,111703,17492,255096
Galway,2014Q3,84,712,105.8,127025,150606,111747,17381,255466
Galway,2014Q4,78,978,136.8,127798,145649,111790,17270,255836
Galway,2015Q1,73,696,95.80000000000001,118333,137308,111834,17159,256206
Galway,2015Q2,89,663,91.9,123333,138927,111878,17049,256577
Galway,2015Q3,113,831,123.2,129000,150201,111922,16938,256947
Galway,2015Q4,114,890,137.3,132641,155373,111966,16827,257317
Galway,2016Q1,98,512,77.30000000000001,129866,150866,112010,16716,257687
Galway,2016Q2,136,848,122.8,133258,148417,112054,16606,258058
Galway,2016Q3,142,786,131.4,147956,167168,112320,16616,258824
Galway,2016Q4,133,848,143.5,154166,168917,112586,16626,259590
Galway,2017Q1,147,577,101.9,164166,176746,112852,16637,260357
Galway,2017Q2,147,685,117.0,152032,171172,113118,16647,261123
Galway,2017Q3,162,806,158.3,180000,194784,113385,16657,261889
Galway,2017Q4,184,960,177.89999999999998,166666,184773,113651,16668,262656
Galway,2018Q1,145,581,101.8,161833,174839,113917,16678,263422
Galway,2018Q2,173,691,138.0,181833,199597,114183,16688,264189
Galway,2018Q3,149,805,162.8,189833,202954,114449,16699,264955
Galway,2018Q4,206,879,184.3,191000,209789,114716,16709,265721
Galway,2019Q1,175,655,139.2,198750,211495,114982,16719,266488
Galway,2019Q2,237,677,134.2,190000,197425,115248,16730,267254
Galway,2019Q3,294,778,166.7,198333,214733,115514,16740,268020
Galway,2019Q4,343,965,203.5,209325,212579,115780,16750,268787
Galway,2020Q1,251,668,144.2,214051,215027,116047,16761,269553
Galway,2020Q2,154,462,98.6,207166,213261,116313,16771,270320
Galway,2020Q3,243,627,135.8,226521,215606,116579,16781,271086
Galway,2020Q4,405,968,214.4,215833,221791,116845,16792,271852
Galway,2021Q1,333,688,149.2,209500,216110,117111,16802,272619
Galway,2021Q2,242,779,167.0,206833,214392,117378,16812,273385
Galway,2021Q3,243,814,189.7,220000,232709,117644,16823,274151
Galway,2021Q4,237,994,238.5,235041,240327,117910,16833,274918
Galway,2022Q1,189,645,155.4,239083,241878,118176,16843,275684
Galway,2022Q2,371,840,213.2,263477,252369,118443,16854,276451
Kerry,2011Q1,62,152,17.7,93000,115249,74747,19719,145502
Kerry,2011Q2,67,220,26.2,95833,116722,74747,19719,145502
Kerry,2011Q3,77,196,21.8,105000,112651,74714,19620,145612
Kerry,2011Q4,79,285,26.299999999999997,61250,93272,74681,19521,145722
Kerry,2012Q1,46,220,22.2,73237,104185,74649,19423,145832
Kerry,2012Q2,48,234,22.1,86666,94361,74616,19324,145943
Kerry,2012Q3,40,252,25.0,87666,99120,74583,19226,146053
Kerry,2012Q4,84,346,39.900000000000006,94583,114651,74551,19127,146163
Kerry,2013Q1,39,218,20.2,71333,96139,74518,19028,146273
Kerry,2013Q2,42,253,26.1,88354,103105,74485,18930,146384
Kerry,2013Q3,54,248,25.5,85000,103043,74453,18831,146494
Kerry,2013Q4,59,370,38.3,93333,100285,74420,18733,146604
Kerry,2014Q1,40,218,23.1,93333,107264,74387,18634,146714
Kerry,2014Q2,42,317,32.4,88666,101668,74355,18535,146825
Kerry,2014Q3,44,389,41.2,93666,105475,74322,18437,146935
Kerry,2014Q4,52,478,53.4,95166,113573,74289,18338,147045
Kerry,2015Q1,30,324,34.8,93666,107794,74257,18240,147155
Kerry,2015Q2,40,395,46.4,99186,116965,74224,18141,147266
Kerry,2015Q3,57,401,54.9,106166,135931,74191,18042,147376
Kerry,2015Q4,65,514,57.0,100822,109802,74159,17944,147486
Kerry,2016Q1,42,345,43.7,116583,126556,74126,17845,147596
Kerry,2016Q2,67,396,48.5,104000,122276,74094,17747,147707
Kerry,2016Q3,77,456,55.5,101416,122130,74249,17739,148021
Kerry,2016Q4,66,492,68.3,119333,137401,74404,17731,148336
Kerry,2017Q1,54,344,40.6,109250,118406,74560,17724,148650
Kerry,2017Q2,79,491,61.5,104733,127671,74715,17716,148965
Kerry,2017Q3,86,465,62.8,126666,134840,74871,17709,149280
Kerry,2017Q4,87,532,78.9,134450,146756,75026,17701,149594
Kerry,2018Q1,96,468,56.6,103333,120874,75181,17693,149909
Kerry,2018Q2,82,529,66.0,112450,124672,75337,17686,150224
Kerry,2018Q3,118,440,66.3,145333,150724,75492,17678,150538
Kerry,2018Q4,99,516,80.6,141666,154997,75648,17671,150853
Kerry,2019Q1,80,390,53.3,121547,136806,75803,17663,151167
Kerry,2019Q2,102,416,63.8,150833,153602,75959,17656,151482
Kerry,2019Q3,116,493,76.2,146875,154328,76114,17648,151797
Kerry,2019Q4,147,577,90.9,148431,156934,76269,17640,152111
Kerry,2020Q1,84,358,53.5,148083,150463,76425,17633,152426
Kerry,2020Q2,58,282,44.8,145166,159052,76580,17625,152741
Kerry,2020Q3,183,392,60.599999999999994,146666,155215,76736,17618,153055
Kerry,2020Q4,249,609,107.8,173916,176722,76891,17610,153370
Kerry,2021Q1,129,460,68.9,133333,150649,77046,17602,153684
Kerry,2021Q2,99,422,74.9,174700,177106,77202,17595,153999
Kerry,2021Q3,109,503,99.39999999999999,193333,198373,77357,17587,154314
Kerry,2021Q4,104,587,115.0,190100,193558,77513,17580,154628
Kerry,2022Q1,133,430,82.9,181666,193302,77668,17572,154943
Kerry,2022Q2,233,491,100.0,198333,204094,77824,17565,155258
Kildare,2011Q1,126,182,34.9,177833,201303,78794,6311,210312
Kildare,2011Q2,42,201,36.3,166332,179876,78794,6311,210312
Kildare,2011Q3,42,249,43.2,167166,173708,78862,6231,210921
Kildare,2011Q4,76,356,60.2,170333,168113,78930,6151,211531
Kildare,2012Q1,51,210,31.1,142416,148042,78998,6071,212140
Kildare,2012Q2,44,226,32.0,135000,139991,79066,5991,212750
Kildare,2012Q3,42,313,48.2,142850,153902,79135,5911,213360
Kildare,2012Q4,70,541,88.4,147382,159261,79203,5831,213969
Kildare,2013Q1,34,217,32.9,133521,150974,79271,5751,214579
Kildare,2013Q2,52,288,49.1,165333,170230,79339,5671,215188
Kildare,2013Q3,51,402,70.3,156670,175661,79407,5591,215798
Kildare,2013Q4,57,561,101.3,162997,181428,79476,5511,216408
Kildare,2014Q1,58,314,53.1,155500,168750,79544,5431,217017
Kildare,2014Q2,65,409,85.3,193829,208982,79612,5351,217627
Kildare,2014Q3,75,546,119.4,208333,218807,79680,5271,218236
Kildare,2014Q4,102,745,160.4,202166,215550,79748,5191,218846
Kildare,2015Q1,107,538,137.1,199500,267396,79817,5111,219456
Kildare,2015Q2,145,533,121.30000000000001,220833,227196,79885,5031,220065
Kildare,2015Q3,163,650,151.2,222333,232679,79953,4951,220675
Kildare,2015Q4,162,696,161.1,223475,232670,80021,4871,221284
Kildare,2016Q1,122,454,105.1,224166,232119,80089,4791,221894
Kildare,2016Q2,153,636,153.4,238166,241409,80158,4712,222504
Kildare,2016Q3,141,637,145.60000000000002,229000,229238,80554,4723,223523
Kildare,2016Q4,219,750,196.9,246166,263396,80950,4735,224543
Kildare,2017Q1,195,620,140.2,222489,224712,81346,4747,225563
Kildare,2017Q2,215,690,173.2,253000,250732,81743,4758,226582
Kildare,2017Q3,259,806,195.2,244699,243156,82139,4770,227602
Kildare,2017Q4,316,907,248.0,263569,273698,82535,4782,228622
Kildare,2018Q1,245,630,170.9,260829,270097,82931,4793,229641
Kildare,2018Q2,270,683,183.6,265000,268011,83328,4805,230661
Kildare,2018Q3,326,852,234.2,271500,274724,83724,4817,231681
Kildare,2018Q4,381,1086,299.0,273932,275193,84120,4828,232701
Kildare,2019Q1,396,706,189.1,264312,267142,84516,4840,233720
Kildare,2019Q2,394,873,241.2,284579,277860,84913,4852,234740
Kildare,2019Q3,487,933,257.7,275671,275119,85309,4863,235760
Kildare,2019Q4,624,1388,395.3,287792,282146,85705,4875,236779
Kildare,2020Q1,332,629,170.8,271090,270458,86101,4887,237799
Kildare,2020Q2,279,514,139.1,269122,264607,86498,4898,238819
Kildare,2020Q3,493,697,204.8,302500,292948,86894,4910,239839
Kildare,2020Q4,561,1257,403.2,312408,315228,87290,4922,240858
Kildare,2021Q1,320,761,216.10000000000002,285924,290323,87686,4933,241878
Kildare,2021Q2,486,824,248.29999999999998,287633,298241,88083,4945,242898
Kildare,2021Q3,543,1078,337.0,317275,312653,88479,4957,243917
Kildare,2021Q4,687,1381,455.5,327112,325262,88875,4968,244937
Kildare,2022Q1,308,775,249.3,324333,322897,89271,4980,245957
Kildare,2022Q2,562,915,310.8,330916,336711,89668,4992,246977
Kilkenny,2011Q1,40,105,12.7,100871,122817,39005,4624,95419
Kilkenny,2011Q2,50,95,13.3,109166,140156,39005,4624,95419
Kilkenny,2011Q3,84,123,14.3,115446,116430,39016,4570,95609
Kilkenny,2011Q4,54,145,16.4,100066,113385,39027,4516,95800
Kilkenny,2012Q1,26,114,12.5,84908,109596,39038,4462,95990
Kilkenny,2012Q2,18,126,13.7,95001,108013,39049,4408,96181
Kilkenny,2012Q3,21,120,13.0,99071,109335,39060,4354,96372
Kilkenny,2012Q4,44,220,23.9,102672,108617,39071,4300,96562
Kilkenny,2013Q1,19,88,8.0,76250,91414,39082,4246,96753
Kilkenny,2013Q2,34,112,11.6,81416,104631,39093,4192,96944
Kilkenny,2013Q3,31,146,17.5,102416,122567,39104,4138,97134
Kilkenny,2013Q4,28,184,22.599999999999998,111666,123561,39115,4085,97325
Kilkenny,2014Q1,20,119,11.899999999999999,87072,97072,39126,4031,97516
Kilkenny,2014Q2,22,200,22.5,99388,113894,39137,3977,97706
Kilkenny,2014Q3,25,194,29.9,123333,154393,39148,3923,97897
Kilkenny,2014Q4,36,229,31.299999999999997,121333,137607,39159,3869,98088
Kilkenny,2015Q1,18,176,27.4,131083,157767,39170,3815,98278
Kilkenny,2015Q2,23,176,22.099999999999998,117500,125292,39181,3761,98469
Kilkenny,2015Q3,33,276,39.6,131292,141722,39192,3707,98660
Kilkenny,2015Q4,36,267,37.5,123000,143459,39203,3653,98850
Kilkenny,2016Q1,24,175,25.2,128250,142935,39214,3599,99041
Kilkenny,2016Q2,38,188,27.4,129407,145402,39226,3546,99232
Kilkenny,2016Q3,47,216,32.4,143750,149597,39311,3554,99417
Kilkenny,2016Q4,50,223,38.0,158167,171057,39397,3562,99603
Kilkenny,2017Q1,43,169,24.4,136666,145615,39482,3570,99788
Kilkenny,2017Q2,37,224,35.2,148333,157199,39568,3578,99974
Kilkenny,2017Q3,56,230,37.2,154166,160956,39653,3586,100159
Kilkenny,2017Q4,58,232,37.9,156000,163593,39739,3594,100345
Kilkenny,2018Q1,29,178,29.9,156750,165369,39824,3602,100530
Kilkenny,2018Q2,51,194,32.3,166666,167849,39910,3610,100716
Kilkenny,2018Q3,54,253,48.6,181100,194538,39995,3618,100901
Kilkenny,2018Q4,88,319,61.0,182878,189466,40081,3626,101087
Kilkenny,2019Q1,54,211,36.8,166416,173305,40166,3634,101272
Kilkenny,2019Q2,49,255,45.7,174000,179071,40252,3643,101458
Kilkenny,2019Q3,93,285,51.0,174000,179500,40338,3651,101644
Kilkenny,2019Q4,94,279,50.0,178287,179147,40423,3659,101829
Kilkenny,2020Q1,112,182,34.9,175000,191253,40509,3667,102015
Kilkenny,2020Q2,67,142,23.4,171566,166983,40594,3675,102200
Kilkenny,2020Q3,87,212,36.4,172333,171558,40680,3683,102386
Kilkenny,2020Q4,117,329,66.6,209333,201767,40765,3691,102571
Kilkenny,2021Q1,59,268,53.1,183833,200803,40851,3699,102757
Kilkenny,2021Q2,107,255,50.2,188333,195304,40936,3707,102942
Kilkenny,2021Q3,75,274,58.0,180833,212080,41022,3715,103128
Kilkenny,2021Q4,84,324,76.4,226250,234483,41107,3723,103313
Kilkenny,2022Q1,59,237,55.6,232355,232000,41193,3731,103499
Kilkenny,2022Q2,145,251,61.3,218946,244765,41279,3740,103685
Laois,2011Q1,34,75,7.9,118825,107826,32664,4087,80559
Laois,2011Q2,33,118,14.1,115613,121112,32664,4087,80559
Laois,2011Q3,25,113,10.7,89633,95590,32670,4040,80765
Laois,2011Q4,33,120,10.6,75971,91933,32677,3994,80972
Laois,2012Q1,24,99,8.4,78333,87826,32683,3947,81179
Laois,2012Q2,43,131,11.0,74708,83255,32690,3901,81386
Laois,2012Q3,31,127,9.4,61351,74196,32696,3855,81593
Laois,2012Q4,26,194,14.9,67959,78267,32703,3808,81800
Laois,2013Q1,13,95,7.4,61000,80140,32709,3762,82007
Laois,2013Q2,24,106,8.1,59698,76165,32716,3716,82214
Laois,2013Q3,18,117,9.1,67166,78816,32722,3669,82421
Laois,2013Q4,30,188,14.5,72950,80728,32729,3623,82628
Laois,2014Q1,24,115,9.8,78499,85569,32735,3577,82834
Laois,2014Q2,15,159,15.7,79537,97564,32742,3530,83041
Laois,2014Q3,15,163,16.1,88350,99595,32748,3484,83248
Laois,2014Q4,25,267,26.1,83521,97903,32755,3438,83455
Laois,2015Q1,16,166,15.600000000000001,75000,96116,32761,3391,83662
Laois,2015Q2,21,168,18.8,107666,111462,32768,3345,83869
Laois,2015Q3,25,156,19.0,104833,119988,32774,3299,84076
Laois,2015Q4,22,216,26.0,113666,120492,32781,3252,84283
Laois,2016Q1,27,158,18.0,112833,113933,32787,3206,84490
Laois,2016Q2,27,193,20.7,97000,106977,32794,3160,84697
Laois,2016Q3,21,195,24.2,119416,125590,32872,3146,84987
Laois,2016Q4,27,316,40.4,134466,126636,32951,3133,85277
Laois,2017Q1,28,187,23.9,117583,128067,33030,3120,85567
Laois,2017Q2,26,151,22.5,141419,149760,33109,3107,85857
Laois,2017Q3,24,262,35.4,131666,134965,33188,3094,86147
Laois,2017Q4,40,258,34.8,131500,135127,33267,3081,86437
Laois,2018Q1,39,187,28.0,141666,149470,33345,3068,86727
Laois,2018Q2,91,220,30.3,128922,135620,33424,3055,87017
Laois,2018Q3,53,231,36.2,160666,156469,33503,3041,87307
Laois,2018Q4,52,297,43.2,145250,147021,33582,3028,87597
Laois,2019Q1,33,191,30.6,163250,160661,33661,3015,87887
Laois,2019Q2,48,262,40.7,161666,155219,33740,3002,88177
Laois,2019Q3,82,256,42.4,165333,164227,33818,2989,88467
Laois,2019Q4,76,263,43.699999999999996,170000,166024,33897,2976,88757
Laois,2020Q1,62,197,30.6,158500,155567,33976,2963,89047
Laois,2020Q2,62,200,32.5,164722,160807,34055,2950,89337
Laois,2020Q3,81,230,40.5,186555,174829,34134,2936,89627
Laois,2020Q4,132,267,49.7,179833,183966,34213,2923,89917
Laois,2021Q1,132,283,56.199999999999996,185442,190626,34291,2910,90207
Laois,2021Q2,83,341,61.4,185980,179869,34370,2897,90497
Laois,2021Q3,110,302,60.4,200098,199486,34449,2884,90787
Laois,2021Q4,67,332,65.80000000000001,199491,198213,34528,2871,91077
Laois,2022Q1,76,221,42.7,198666,194056,34607,2858,91367
Laois,2022Q2,124,264,53.6,202500,201238,34686,2845,91657
Leitrim,2011Q1,42,47,4.2,88766,86645,18128,5526,31798
Leitrim,2011Q2,13,41,3.9000000000000004,90666,97973,18128,5526,31798
Leitrim,2011Q3,14,45,5.0,86404,112274,18124,5511,31810
Leitrim,2011Q4,16,81,5.7,66948,69553,18120,5496,31822
Leitrim,2012Q1,15,44,3.8,86983,82231,18116,5481,31834
Leitrim,2012Q2,7,48,4.0,87416,87463,18112,5466,31847
Leitrim,2012Q3,13,58,4.4,67890,75119,18108,5451,31859
Leitrim,2012Q4,9,104,5.800000000000001,58167,56425,18104,5436,31871
Leitrim,2013Q1,10,44,3.0,60550,69894,18101,5421,31884
Leitrim,2013Q2,12,88,6.5,68871,77875,18097,5406,31896
Leitrim,2013Q3,10,85,6.2,62025,74022,18093,5391,31908
Leitrim,2013Q4,9,132,8.5,56781,64127,18089,5376,31921
Leitrim,2014Q1,7,77,4.9,55096,64334,18085,5361,31933
Leitrim,2014Q2,7,74,5.4,66115,73814,18081,5346,31945
Leitrim,2014Q3,8,81,6.199999999999999,63500,74783,18077,5331,31957
Leitrim,2014Q4,14,163,11.8,56000,72617,18074,5316,31970
Leitrim,2015Q1,11,104,9.7,68308,92751,18070,5301,31982
Leitrim,2015Q2,10,104,9.0,69666,85052,18066,5286,31994
Leitrim,2015Q3,17,107,9.5,66395,89794,18062,5271,32007
Leitrim,2015Q4,17,172,14.0,66666,80388,18058,5256,32019
Leitrim,2016Q1,9,92,6.9,64333,76217,18054,5241,32031
Leitrim,2016Q2,18,114,9.2,73333,83303,18051,5226,32044
Leitrim,2016Q3,14,127,9.9,67166,77539,18076,5199,32170
Leitrim,2016Q4,17,162,15.1,83500,95229,18101,5172,32297
Leitrim,2017Q1,14,113,9.6,81812,84987,18126,5145,32424
Leitrim,2017Q2,23,128,11.1,73500,86567,18152,5118,32551
Leitrim,2017Q3,23,130,13.7,95166,106746,18177,5091,32677
Leitrim,2017Q4,18,151,13.3,84166,86886,18202,5064,32804
Leitrim,2018Q1,15,124,12.5,96023,101526,18227,5037,32931
Leitrim,2018Q2,13,112,11.1,87083,99680,18253,5010,33058
Leitrim,2018Q3,18,124,13.1,94083,105800,18278,4983,33185
Leitrim,2018Q4,15,150,15.8,105666,105989,18303,4956,33311
Leitrim,2019Q1,11,101,9.2,80000,92134,18328,4929,33438
Leitrim,2019Q2,11,94,10.2,90800,110268,18354,4902,33565
Leitrim,2019Q3,11,131,13.5,104333,102918,18379,4875,33692
Leitrim,2019Q4,7,144,16.3,104166,110698,18404,4848,33819
Leitrim,2020Q1,5,97,9.9,92250,100374,18429,4821,33945
Leitrim,2020Q2,5,74,8.5,107500,114253,18455,4794,34072
Leitrim,2020Q3,12,108,11.2,84491,101565,18480,4767,34199
Leitrim,2020Q4,17,189,21.1,104833,111629,18505,4740,34326
Leitrim,2021Q1,12,131,16.5,123523,126724,18530,4713,34453
Leitrim,2021Q2,30,145,16.299999999999997,109500,114107,18556,4686,34579
Leitrim,2021Q3,26,124,17.2,131666,139572,18581,4659,34706
Leitrim,2021Q4,23,179,27.0,139833,152137,18606,4632,34833
Leitrim,2022Q1,11,126,16.5,121666,131835,18631,4605,34960
Leitrim,2022Q2,13,129,19.9,152333,154531,18657,4578,35087
Limerick,2011Q1,54,208,26.5,117833,128550,82156,10114,191809
Limerick,2011Q2,49,232,30.099999999999998,111213,126538,82156,10114,191809
Limerick,2011Q3,55,249,35.8,147000,144540,82153,10017,191963
Limerick,2011Q4,95,271,28.6,81489,105563,82151,9921,192118
Limerick,2012Q1,27,197,22.8,88166,113367,82149,9824,192272
Limerick,2012Q2,55,224,23.4,75766,104078,82147,9728,192427
Limerick,2012Q3,47,244,30.5,100000,122748,82145,9631,192581
Limerick,2012Q4,108,379,44.3,95833,113869,82142,9535,192736
Limerick,2013Q1,46,183,20.7,80000,117034,82140,9438,192890
Limerick,2013Q2,36,243,28.4,102929,117576,82138,9342,193045
Limerick,2013Q3,24,286,33.6,104916,116442,82136,9245,193199
Limerick,2013Q4,108,333,39.1,95666,117562,82134,9149,193354
Limerick,2014Q1,27,251,24.700000000000003,92583,98655,82131,9052,193508
Limerick,2014Q2,39,349,36.3,85833,102680,82129,8956,193663
Limerick,2014Q3,38,450,51.9,96525,115220,82127,8859,193817
Limerick,2014Q4,28,766,78.5,83009,102750,82125,8763,193972
Limerick,2015Q1,36,486,56.4,103500,115766,82123,8666,194126
Limerick,2015Q2,33,466,52.3,92103,111779,82120,8570,194281
Limerick,2015Q3,64,651,74.3,89833,114234,82118,8473,194435
Limerick,2015Q4,79,641,88.8,114000,135878,82116,8377,194590
Limerick,2016Q1,58,420,52.3,96000,125669,82114,8280,194744
Limerick,2016Q2,69,489,62.1,109241,129404,82112,8184,194899
Limerick,2016Q3,64,500,70.6,130666,141833,82264,8146,195338
Limerick,2016Q4,87,652,90.9,122833,140685,82417,8109,195777
Limerick,2017Q1,81,393,54.7,121750,139427,82570,8071,196217
Limerick,2017Q2,88,527,79.2,129750,150121,82722,8034,196656
Limerick,2017Q3,95,643,98.1,130833,152517,82875,7996,197095
Limerick,2017Q4,210,660,103.39999999999999,146250,157436,83028,7959,197535
Limerick,2018Q1,126,508,79.3,153742,157066,83180,7921,197974
Limerick,2018Q2,141,530,93.7,160500,178008,83333,7884,198414
Limerick,2018Q3,110,644,111.7,162713,174903,83486,7846,198853
Limerick,2018Q4,134,741,132.1,153333,177381,83638,7809,199292
Limerick,2019Q1,87,443,72.7,153666,164682,83791,7771,199732
Limerick,2019Q2,164,541,102.0,173333,188087,83944,7734,200171
Limerick,2019Q3,128,705,141.2,193333,199749,84096,7697,200610
Limerick,2019Q4,176,705,117.1,157470,166159,84249,7659,201050
Limerick,2020Q1,127,533,99.80000000000001,171916,186518,84402,7622,201489
Limerick,2020Q2,64,340,67.4,182833,198834,84554,7584,201929
Limerick,2020Q3,138,480,86.3,172500,178500,84707,7547,202368
Limerick,2020Q4,183,767,147.8,187333,191621,84860,7509,202807
Limerick,2021Q1,126,512,96.9,174072,189450,85012,7472,203247
Limerick,2021Q2,138,661,125.6,181303,188592,85165,7434,203686
Limerick,2021Q3,144,644,131.9,194636,204386,85318,7397,204125
Limerick,2021Q4,192,776,164.1,220833,209283,85470,7359,204565
Limerick,2022Q1,166,466,102.2,210000,222165,85623,7322,205004
Limerick,2022Q2,221,648,144.9,217194,222783,85776,7285,205444
Longford,2011Q1,11,53,4.1,87358,82355,18823,4075,39000
Longford,2011Q2,14,43,3.8,77101,83820,18823,4075,39000
Longford,2011Q3,12,48,3.4000000000000004,56666,66959,18811,4026,39093
Longford,2011Q4,13,45,2.7,41718,60507,18799,3977,39187
Longford,2012Q1,17,33,1.6,41608,52460,18788,3929,39280
Longford,2012Q2,24,53,3.2,40720,58120,18776,3880,39374
Longford,2012Q3,29,58,4.3,79149,75885,18765,3831,39468
Longford,2012Q4,7,108,7.0,52076,65785,18753,3783,39561
Longford,2013Q1,8,66,3.4000000000000004,41775,51503,18741,3734,39655
Longford,2013Q2,7,81,4.2,37897,52103,18730,3685,39749
Longford,2013Q3,9,65,3.8,47333,60210,18718,3637,39842
Longford,2013Q4,11,96,5.8,46791,59430,18707,3588,39936
Longford,2014Q1,17,79,4.5,51666,59341,18695,3539,40030
Longford,2014Q2,8,91,6.199999999999999,53000,67625,18683,3491,40123
Longford,2014Q3,15,132,8.5,51166,64209,18672,3442,40217
Longford,2014Q4,14,169,11.2,52180,67038,18660,3393,40311
Longford,2015Q1,6,142,9.0,56218,63060,18649,3345,40404
Longford,2015Q2,19,121,8.0,54237,66194,18637,3296,40498
Longford,2015Q3,13,105,7.5,67725,73638,18625,3247,40592
Longford,2015Q4,12,140,10.2,63071,73533,18614,3199,40685
Longford,2016Q1,16,90,7.0,68000,77871,18602,3150,40779
Longford,2016Q2,15,129,9.0,62321,69712,18591,3102,40873
Longford,2016Q3,13,109,9.9,71333,91951,18620,3085,41113
Longford,2016Q4,16,142,11.7,68833,81895,18649,3069,41353
Longford,2017Q1,9,105,7.199999999999999,52500,66953,18678,3053,41593
Longford,2017Q2,18,119,10.0,67916,88084,18707,3037,41833
Longford,2017Q3,23,112,9.9,75333,88767,18737,3021,42073
Longford,2017Q4,25,126,12.0,89500,92735,18766,3005,42313
Longford,2018Q1,14,105,8.3,72583,79178,18795,2989,42553
Longford,2018Q2,16,140,11.9,74333,84669,18824,2973,42793
Longford,2018Q3,11,131,11.7,91583,90572,18853,2957,43033
Longford,2018Q4,25,151,15.7,94000,104246,18883,2941,43273
Longford,2019Q1,39,107,10.4,84151,96285,18912,2925,43513
Longford,2019Q2,15,96,10.3,98666,107110,18941,2909,43753
Longford,2019Q3,28,148,17.2,104000,116161,18970,2892,43993
Longford,2019Q4,50,141,16.4,105333,116030,18999,2876,44233
Longford,2020Q1,19,117,13.7,106045,114355,19029,2860,44473
Longford,2020Q2,17,80,7.8,85000,97441,19058,2844,44713
Longford,2020Q3,31,110,11.1,89966,99171,19087,2828,44953
Longford,2020Q4,34,150,19.0,111000,127814,19116,2812,45193
Longford,2021Q1,23,166,19.700000000000003,102550,113253,19145,2796,45433
Longford,2021Q2,24,151,17.6,111291,116281,19175,2780,45673
Longford,2021Q3,17,177,24.7,134335,141733,19204,2764,45913
Longford,2021Q4,60,187,29.6,141333,156710,19233,2748,46153
Longford,2022Q1,26,144,19.1,130500,131931,19262,2732,46393
Longford,2022Q2,27,125,18.0,136666,143548,19292,2716,46634
Louth,2011Q1,48,140,20.0,145083,143445,51186,6232,122897
Louth,2011Q2,53,135,13.7,88479,101242,51186,6232,122897
Louth,2011Q3,31,134,16.0,113135,119743,51196,6156,123196
Louth,2011Q4,37,193,21.1,87333,108847,51207,6080,123495
Louth,2012Q1,23,162,16.5,78166,100971,51217,6004,123795
Louth,2012Q2,28,229,24.8,101204,99098,51228,5928,124094
Louth,2012Q3,59,192,20.8,89333,108645,51239,5852,124393
Louth,2012Q4,81,315,32.3,84911,102066,51249,5776,124693
Louth,2013Q1,48,177,18.1,84906,102233,51260,5700,124992
Louth,2013Q2,79,227,25.0,94500,107419,51271,5624,125291
Louth,2013Q3,37,212,20.0,82500,95307,51281,5548,125591
Louth,2013Q4,41,300,32.8,96246,109871,51292,5472,125890
Louth,2014Q1,27,210,20.7,86166,97874,51303,5396,126189
Louth,2014Q2,29,272,28.5,92708,104479,51313,5320,126489
Louth,2014Q3,46,360,43.3,107467,121167,51324,5244,126788
Louth,2014Q4,44,456,58.7,115000,129771,51335,5168,127087
Louth,2015Q1,67,276,34.5,110333,125018,51345,5092,127387
Louth,2015Q2,27,306,35.0,111916,114312,51356,5016,127686
Louth,2015Q3,30,431,51.8,115046,121610,51367,4940,127985
Louth,2015Q4,47,431,60.1,132500,139433,51377,4864,128285
Louth,2016Q1,38,253,34.1,128083,134229,51388,4788,128584
Louth,2016Q2,58,349,49.0,131074,140002,51399,4713,128884
Louth,2016Q3,39,354,52.6,143333,148537,51555,4701,129309
Louth,2016Q4,65,413,69.0,158325,167445,51711,4690,129735
Louth,2017Q1,76,335,46.8,138833,141804,51867,4679,130161
Louth,2017Q2,61,327,57.6,161166,173545,52023,4668,130586
Louth,2017Q3,114,363,69.0,169000,190065,52179,4657,131012
Louth,2017Q4,120,473,83.7,179641,176805,52336,4646,131438
Louth,2018Q1,125,347,65.0,188666,185208,52492,4635,131863
Louth,2018Q2,153,368,63.5,176833,172390,52648,4624,132289
Louth,2018Q3,135,457,87.9,204166,192237,52804,4612,132715
Louth,2018Q4,184,563,108.3,201923,192642,52960,4601,133140
Louth,2019Q1,173,364,69.8,184583,190226,53116,4590,133566
Louth,2019Q2,134,481,100.3,221833,208209,53273,4579,133992
Louth,2019Q3,157,505,93.4,187083,183031,53429,4568,134417
Louth,2019Q4,204,565,118.5,218166,209057,53585,4557,134843
Louth,2020Q1,115,425,67.80000000000001,156666,165952,53741,4546,135269
Louth,2020Q2,190,234,42.6,181000,182994,53897,4535,135694
Louth,2020Q3,147,357,70.3,201416,195766,54053,4523,136120
Louth,2020Q4,172,573,119.4,194750,208923,54210,4512,136546
Louth,2021Q1,177,376,80.7,200666,212120,54366,4501,136971
Louth,2021Q2,165,417,88.6,214583,212212,54522,4490,137397
Louth,2021Q3,159,513,114.39999999999999,221800,222472,54678,4479,137823
Louth,2021Q4,167,689,157.6,235499,228742,54834,4468,138248
Louth,2022Q1,199,400,88.8,222658,221494,54990,4457,138674
Louth,2022Q2,198,473,111.1,230044,233479,55147,4446,139100
Mayo,2011Q1,67,126,13.5,85166,107018,65792,16230,130638
Mayo,2011Q2,59,119,12.100000000000001,87400,101144,65792,16230,130638
Mayo,2011Q3,124,160,15.600000000000001,78877,97405,65798,16191,130631
Mayo,2011Q4,88,213,20.6,64500,95229,65804,16152,130624
Mayo,2012Q1,41,137,11.2,59833,81816,65811,16113,130618
Mayo,2012Q2,56,176,12.9,46416,72914,65817,16074,130611
Mayo,2012Q3,54,170,14.7,76841,85709,65824,16035,130605
Mayo,2012Q4,45,279,21.7,60666,78967,65830,15996,130598
Mayo,2013Q1,38,144,9.9,55971,68878,65837,15957,130592
Mayo,2013Q2,45,176,13.0,59163,74063,65843,15918,130585
Mayo,2013Q3,41,188,17.2,76416,90418,65850,15879,130579
Mayo,2013Q4,90,235,23.4,76333,101127,65856,15841,130572
Mayo,2014Q1,35,202,15.3,62766,75542,65862,15802,130565
Mayo,2014Q2,50,286,25.0,72500,87567,65869,15763,130559
Mayo,2014Q3,45,305,26.4,76916,86703,65875,15724,130552
Mayo,2014Q4,51,394,35.599999999999994,74426,92345,65882,15685,130546
Mayo,2015Q1,36,352,36.1,96771,101133,65888,15646,130539
Mayo,2015Q2,44,324,32.8,86416,103095,65895,15607,130533
Mayo,2015Q3,65,352,36.3,87429,104969,65901,15568,130526
Mayo,2015Q4,51,409,38.7,78000,94629,65908,15529,130520
Mayo,2016Q1,40,312,29.9,76166,95109,65914,15490,130513
Mayo,2016Q2,50,299,30.0,82916,99785,65921,15452,130507
Mayo,2016Q3,67,317,34.6,97500,107974,66038,15436,130787
Mayo,2016Q4,91,374,38.7,87166,103409,66155,15420,131067
Mayo,2017Q1,37,282,27.8,80000,97497,66272,15405,131347
Mayo,2017Q2,73,326,39.4,104185,119102,66390,15389,131627
Mayo,2017Q3,59,336,39.7,106000,118542,66507,15373,131907
Mayo,2017Q4,71,410,46.0,100666,113209,66624,15358,132188
Mayo,2018Q1,70,280,33.1,102833,118046,66741,15342,132468
Mayo,2018Q2,70,353,40.6,102000,114931,66859,15327,132748
Mayo,2018Q3,81,373,39.7,97333,106770,66976,15311,133028
Mayo,2018Q4,94,395,47.2,107837,119199,67093,15295,133308
Mayo,2019Q1,96,328,34.3,93250,104128,67210,15280,133588
Mayo,2019Q2,81,347,42.7,109091,122224,67328,15264,133869
Mayo,2019Q3,95,370,47.3,112500,127562,67445,15248,134149
Mayo,2019Q4,169,419,50.7,123083,122467,67562,15233,134429
Mayo,2020Q1,121,339,42.1,115333,123143,67679,15217,134709
Mayo,2020Q2,53,228,25.2,99166,110072,67797,15202,134989
Mayo,2020Q3,130,320,37.599999999999994,99166,117006,67914,15186,135269
Mayo,2020Q4,112,504,69.0,125166,136543,68031,15170,135550
Mayo,2021Q1,65,357,46.3,120280,129761,68148,15155,135830
Mayo,2021Q2,99,397,55.8,129156,140749,68266,15139,136110
Mayo,2021Q3,85,458,68.9,147416,150895,68383,15123,136390
Mayo,2021Q4,123,459,74.7,153583,161237,68500,15108,136670
Mayo,2022Q1,99,340,52.5,146833,154830,68617,15092,136950
Mayo,2022Q2,113,400,66.1,155750,164616,68735,15077,137231
Meath,2011Q1,70,175,31.2,172541,178468,69697,6173,184135
Meath,2011Q2,64,180,28.700000000000003,152504,159030,69697,6173,184135
Meath,2011Q3,76,209,31.6,145650,152390,69744,6108,184680
Meath,2011Q4,68,233,31.4,127000,136808,69792,6043,185225
Meath,2012Q1,41,174,21.2,95666,118734,69839,5978,185771
Meath,2012Q2,47,233,29.299999999999997,105143,128125,69887,5913,186316
Meath,2012Q3,42,253,37.1,126555,147827,69935,5848,186862
Meath,2012Q4,63,339,49.2,131166,144140,69982,5783,187407
Meath,2013Q1,36,174,21.3,118151,123922,70030,5718,187953
Meath,2013Q2,37,245,34.3,129716,140325,70077,5653,188498
Meath,2013Q3,33,302,46.2,133333,152787,70125,5588,189044
Meath,2013Q4,54,382,60.8,136000,160369,70173,5524,189589
Meath,2014Q1,39,253,39.5,139333,155561,70220,5459,190134
Meath,2014Q2,53,336,54.8,141750,162992,70268,5394,190680
Meath,2014Q3,61,520,90.5,150316,173936,70315,5329,191225
Meath,2014Q4,71,658,115.60000000000001,154666,176954,70363,5264,191771
Meath,2015Q1,53,349,65.4,171500,187065,70411,5199,192316
Meath,2015Q2,78,377,66.9,173833,177681,70458,5134,192862
Meath,2015Q3,88,467,91.0,183333,194687,70506,5069,193407
Meath,2015Q4,106,555,112.9,184051,203251,70553,5004,193953
Meath,2016Q1,88,337,65.0,173000,191049,70601,4939,194498
Meath,2016Q2,143,435,88.7,192833,203577,70649,4875,195044
Meath,2016Q3,199,504,106.30000000000001,201540,210971,71006,4877,196096
Meath,2016Q4,185,580,126.9,217500,218804,71363,4880,197148
Meath,2017Q1,175,465,98.6,211833,212875,71720,4882,198200
Meath,2017Q2,232,606,138.0,230333,227851,72078,4885,199252
Meath,2017Q3,280,616,147.2,240327,238839,72435,4888,200304
Meath,2017Q4,404,811,207.0,256333,255206,72792,4890,201357
Meath,2018Q1,293,528,127.80000000000001,254720,241827,73150,4893,202409
Meath,2018Q2,340,605,146.3,248333,242125,73507,4896,203461
Meath,2018Q3,395,672,173.4,259724,257776,73864,4898,204513
Meath,2018Q4,484,972,254.7,263332,262029,74221,4901,205565
Meath,2019Q1,294,549,142.7,273291,261112,74579,4903,206617
Meath,2019Q2,468,658,180.0,270333,273311,74936,4906,207670
Meath,2019Q3,472,764,203.9,277500,266700,75293,4909,208722
Meath,2019Q4,404,898,247.1,274999,274800,75651,4911,209774
Meath,2020Q1,381,523,140.2,270000,267149,76008,4914,210826
Meath,2020Q2,302,453,116.3,267001,255399,76365,4917,211878
Meath,2020Q3,388,525,133.0,266333,253001,76722,4919,212930
Meath,2020Q4,445,1001,277.7,276378,277465,77080,4922,213983
Meath,2021Q1,235,603,163.4,275083,271954,77437,4924,215035
Meath,2021Q2,244,612,168.4,282499,275239,77794,4927,216087
Meath,2021Q3,260,702,196.4,287166,279298,78152,4930,217139
Meath,2021Q4,528,935,278.3,306666,295437,78509,4932,218191
Meath,2022Q1,285,621,175.9,295000,284998,78866,4935,219243
Meath,2022Q2,536,732,212.10000000000002,295166,287830,79224,4938,220296
Monaghan,2011Q1,26,44,3.8,57888,85724,25056,3398,60483
Monaghan,2011Q2,21,59,5.8999999999999995,86666,102424,25056,3398,60483
Monaghan,2011Q3,33,42,3.2,30565,71639,25068,3384,60528
Monaghan,2011Q4,32,72,6.2,83166,88403,25081,3370,60573
Monaghan,2012Q1,42,51,3.2,54015,64204,25094,3357,60618
Monaghan,2012Q2,18,46,3.4,54603,67969,25107,3343,60663
Monaghan,2012Q3,27,64,5.3,56515,83795,25119,3330,60708
Monaghan,2012Q4,15,78,6.2,70002,78111,25132,3316,60753
Monaghan,2013Q1,16,74,4.7,48666,62245,25145,3302,60799
Monaghan,2013Q2,15,55,2.9,39057,51987,25158,3289,60844
Monaghan,2013Q3,18,73,6.4,73752,94427,25170,3275,60889
Monaghan,2013Q4,36,92,8.0,72711,86357,25183,3262,60934
Monaghan,2014Q1,11,58,4.9,77061,84054,25196,3248,60979
Monaghan,2014Q2,17,106,7.2,44962,67883,25209,3234,61024
Monaghan,2014Q3,21,83,7.5,79791,91463,25221,3221,61069
Monaghan,2014Q4,23,127,11.9,80833,94502,25234,3207,61115
Monaghan,2015Q1,21,88,8.7,100416,99920,25247,3194,61160
Monaghan,2015Q2,26,92,8.2,84398,89414,25260,3180,61205
Monaghan,2015Q3,28,84,9.4,85906,106747,25272,3166,61250
Monaghan,2015Q4,44,125,13.0,100000,104125,25285,3153,61295
Monaghan,2016Q1,19,100,9.8,79166,100563,25298,3139,61340
Monaghan,2016Q2,20,108,10.8,95666,103201,25311,3126,61386
Monaghan,2016Q3,21,93,10.2,113137,111289,25362,3124,61529
Monaghan,2016Q4,26,117,14.7,123500,127271,25414,3123,61673
Monaghan,2017Q1,22,110,13.0,118333,117746,25465,3122,61816
Monaghan,2017Q2,37,103,12.6,131416,121638,25517,3121,61960
Monaghan,2017Q3,40,107,12.5,114000,117004,25568,3120,62103
Monaghan,2017Q4,49,172,20.4,102979,116961,25620,3119,62247
Monaghan,2018Q1,25,99,11.7,117416,115906,25671,3118,62391
Monaghan,2018Q2,40,92,11.6,124416,126422,25723,3117,62534
Monaghan,2018Q3,32,130,16.2,122212,125259,25774,3116,62678
Monaghan,2018Q4,32,174,19.8,104210,117385,25826,3115,62821
Monaghan,2019Q1,62,74,9.2,99333,117485,25877,3114,62965
Monaghan,2019Q2,57,116,14.0,127569,121410,25929,3113,63109
Monaghan,2019Q3,98,103,12.6,117666,119764,25981,3112,63252
Monaghan,2019Q4,64,152,20.8,133750,132317,26032,3111,63396
Monaghan,2020Q1,44,125,14.0,94500,108815,26084,3110,63539
Monaghan,2020Q2,33,78,9.2,122250,120511,26135,3109,63683
Monaghan,2020Q3,59,104,12.8,93666,121045,26187,3108,63826
Monaghan,2020Q4,77,149,22.0,152197,146260,26238,3107,63970
Monaghan,2021Q1,46,125,18.5,121250,137470,26290,3106,64114
Monaghan,2021Q2,56,128,19.2,137666,147456,26341,3105,64257
Monaghan,2021Q3,37,116,18.1,149333,158545,26393,3104,64401
Monaghan,2021Q4,66,145,22.7,148666,157022,26444,3103,64544
Monaghan,2022Q1,58,109,17.4,163583,158132,26496,3102,64688
Monaghan,2022Q2,99,152,25.9,187027,171265,26548,3101,64832
Offaly,2011Q1,28,74,8.3,124388,115870,30750,3620,76687
Offaly,2011Q2,36,51,4.4,87333,88094,30750,3620,76687
Offaly,2011Q3,24,57,6.6,111174,116242,30749,3583,76750
Offaly,2011Q4,29,89,6.6,56916,74332,30749,3546,76814
Offaly,2012Q1,15,74,7.5,85746,101303,30748,3509,76878
Offaly,2012Q2,18,92,6.7,57250,76916,30748,3472,76941
Offaly,2012Q3,23,92,8.7,74666,92901,30747,3436,77005
Offaly,2012Q4,26,132,11.7,80416,88659,30747,3399,77069
Offaly,2013Q1,12,73,5.9,68925,76708,30746,3362,77132
Offaly,2013Q2,14,89,7.6,60500,83826,30746,3325,77196
Offaly,2013Q3,10,98,9.0,88000,92510,30745,3288,77260
Offaly,2013Q4,19,123,10.3,66333,82734,30745,3252,77324
Offaly,2014Q1,14,111,10.200000000000001,78962,91413,30744,3215,77387
Offaly,2014Q2,11,111,10.8,89521,97246,30744,3178,77451
Offaly,2014Q3,22,134,15.4,107342,117161,30743,3141,77515
Offaly,2014Q4,20,195,20.6,91800,107318,30743,3104,77578
Offaly,2015Q1,17,154,14.1,80760,92182,30742,3068,77642
Offaly,2015Q2,21,153,14.0,78337,90895,30742,3031,77706
Offaly,2015Q3,54,148,14.5,92000,98100,30741,2994,77769
Offaly,2015Q4,20,188,20.7,97666,108965,30741,2957,77833
Offaly,2016Q1,18,138,12.2,78666,89412,30740,2920,77897
Offaly,2016Q2,18,147,16.6,97500,113311,30740,2884,77961
Offaly,2016Q3,19,177,17.4,90000,98115,30798,2883,78157
Offaly,2016Q4,30,220,22.5,97666,103793,30857,2883,78353
Offaly,2017Q1,31,154,18.9,121000,122849,30916,2882,78549
Offaly,2017Q2,35,190,21.6,100600,110637,30975,2882,78745
Offaly,2017Q3,36,203,27.9,133340,135066,31033,2881,78941
Offaly,2017Q4,32,192,24.9,123500,129643,31092,2881,79137
Offaly,2018Q1,26,161,19.9,106166,123851,31151,2881,79333
Offaly,2018Q2,21,186,22.4,122533,119862,31210,2880,79530
Offaly,2018Q3,23,178,23.700000000000003,130691,132152,31269,2880,79726
Offaly,2018Q4,37,224,30.0,130166,134448,31327,2879,79922
Offaly,2019Q1,42,152,22.700000000000003,143500,148798,31386,2879,80118
Offaly,2019Q2,38,195,24.2,124583,125482,31445,2879,80314
Offaly,2019Q3,51,201,29.9,151416,148318,31504,2878,80510
Offaly,2019Q4,99,239,31.200000000000003,131000,135879,31563,2878,80706
Offaly,2020Q1,45,157,22.2,144416,139683,31621,2877,80902
Offaly,2020Q2,25,142,20.7,140672,145880,31680,2877,81099
Offaly,2020Q3,43,170,22.1,131833,135265,31739,2876,81295
Offaly,2020Q4,85,262,40.7,157666,156048,31798,2876,81491
Offaly,2021Q1,51,192,30.5,159083,156718,31857,2876,81687
Offaly,2021Q2,52,181,27.3,151166,151165,31915,2875,81883
Offaly,2021Q3,60,224,37.9,160000,171358,31974,2875,82079
Offaly,2021Q4,88,282,56.4,205000,198341,32033,2874,82275
Offaly,2022Q1,140,229,48.2,216682,210136,32092,2874,82471
Offaly,2022Q2,96,270,54.900000000000006,212333,199956,32151,2874,82668
Roscommon,2011Q1,26,61,5.9,95000,95108,31585,7332,64065
Roscommon,2011Q2,54,72,6.5,89166,88969,31585,7332,64065
Roscommon,2011Q3,38,79,6.6,70116,82788,31570,7292,64088
Roscommon,2011Q4,31,89,6.0,50621,69240,31555,7253,64112
Roscommon,2012Q1,19,71,4.8,63708,67672,31540,7214,64136
Roscommon,2012Q2,25,88,6.4,68333,71213,31525,7175,64160
Roscommon,2012Q3,16,132,8.2,51666,62177,31510,7136,64184
Roscommon,2012Q4,16,153,11.0,61708,71853,31495,7096,64208
Roscommon,2013Q1,22,100,7.6,63166,75753,31480,7057,64232
Roscommon,2013Q2,16,122,9.4,58016,77232,31465,7018,64256
Roscommon,2013Q3,20,154,10.5,62016,68497,31450,6979,64280
Roscommon,2013Q4,22,174,10.5,51583,57230,31435,6940,64304
Roscommon,2014Q1,17,124,8.1,54723,64497,31420,6900,64328
Roscommon,2014Q2,10,146,10.0,57166,68418,31405,6861,64352
Roscommon,2014Q3,17,128,8.8,58250,69569,31390,6822,64376
Roscommon,2014Q4,23,218,14.0,52000,63431,31375,6783,64400
Roscommon,2015Q1,10,145,10.0,53666,68623,31360,6744,64424
Roscommon,2015Q2,24,214,15.200000000000001,57916,71464,31345,6704,64448
Roscommon,2015Q3,20,151,12.8,62263,86177,31330,6665,64472
Roscommon,2015Q4,16,227,18.0,65475,80818,31315,6626,64496
Roscommon,2016Q1,15,148,10.2,58500,67945,31300,6587,64520
Roscommon,2016Q2,28,189,13.8,55250,74058,31285,6548,64544
Roscommon,2016Q3,24,213,15.6,57166,73447,31325,6510,64771
Roscommon,2016Q4,17,231,19.8,68500,85386,31366,6473,64998
Roscommon,2017Q1,17,159,14.9,66934,92828,31407,6436,65225
Roscommon,2017Q2,19,192,17.0,80666,88337,31448,6398,65452
Roscommon,2017Q3,27,216,21.6,84187,100590,31489,6361,65679
Roscommon,2017Q4,41,217,21.2,87882,97373,31530,6324,65906
Roscommon,2018Q1,31,172,19.6,92810,117679,31570,6286,66133
Roscommon,2018Q2,31,216,20.3,78500,93700,31611,6249,66361
Roscommon,2018Q3,38,252,26.9,89333,107524,31652,6212,66588
Roscommon,2018Q4,47,260,29.200000000000003,93000,112753,31693,6175,66815
Roscommon,2019Q1,39,185,21.2,97833,115578,31734,6137,67042
Roscommon,2019Q2,35,187,21.5,94500,115570,31775,6100,67269
Roscommon,2019Q3,38,245,27.8,108000,113356,31815,6063,67496
Roscommon,2019Q4,49,274,28.6,91636,105764,31856,6025,67723
Roscommon,2020Q1,28,201,21.0,91833,103980,31897,5988,67950
Roscommon,2020Q2,31,134,13.1,87166,98561,31938,5951,68178
Roscommon,2020Q3,50,176,18.8,88750,107648,31979,5914,68405
Roscommon,2020Q4,66,280,32.3,102666,115727,32020,5876,68632
Roscommon,2021Q1,55,210,26.4,120593,126995,32060,5839,68859
Roscommon,2021Q2,64,215,26.6,105666,124466,32101,5802,69086
Roscommon,2021Q3,56,249,36.2,135000,146260,32142,5764,69313
Roscommon,2021Q4,37,284,40.3,135250,141120,32183,5727,69540
Roscommon,2022Q1,45,224,31.1,130000,138368,32224,5690,69767
Roscommon,2022Q2,26,219,34.4,149666,157095,32265,5653,69995
Sligo,2011Q1,52,76,6.8,81222,96743,33044,7328,65393
Sligo,2011Q2,34,55,4.4,54166,75500,33044,7328,65393
Sligo,2011Q3,35,96,8.0,60166,83562,33030,7290,65400
Sligo,2011Q4,24,111,9.6,76154,86303,33016,7252,65407
Sligo,2012Q1,62,74,6.1000000000000005,66833,83674,33002,7214,65414
Sligo,2012Q2,67,103,8.4,72000,81453,32988,7176,65421
Sligo,2012Q3,22,114,10.399999999999999,78245,92034,32974,7138,65428
Sligo,2012Q4,18,190,16.4,66000,89474,32960,7100,65435
Sligo,2013Q1,30,83,6.3,71166,77809,32946,7063,65442
Sligo,2013Q2,15,108,11.2,74821,106051,32932,7025,65449
Sligo,2013Q3,23,140,11.6,63466,81413,32918,6987,65456
Sligo,2013Q4,22,165,16.3,84355,96385,32904,6949,65464
Sligo,2014Q1,9,160,15.100000000000001,69625,95923,32890,6911,65471
Sligo,2014Q2,21,159,15.7,88300,98442,32876,6873,65478
Sligo,2014Q3,12,200,20.1,84583,100189,32862,6835,65485
Sligo,2014Q4,18,269,28.6,86566,108734,32848,6798,65492
Sligo,2015Q1,16,173,19.5,90325,111981,32834,6760,65499
Sligo,2015Q2,9,202,21.3,92000,105457,32820,6722,65506
Sligo,2015Q3,22,168,18.3,82412,109891,32806,6684,65513
Sligo,2015Q4,27,201,20.6,85471,104938,32792,6646,65520
Sligo,2016Q1,13,168,15.1,72250,90128,32778,6608,65527
Sligo,2016Q2,21,244,18.6,44255,78518,32764,6571,65535
Sligo,2016Q3,30,195,22.1,87833,113909,32815,6548,65713
Sligo,2016Q4,22,240,27.299999999999997,98500,113710,32866,6526,65892
Sligo,2017Q1,20,155,17.5,93250,113526,32917,6503,66070
Sligo,2017Q2,24,182,23.7,101000,128732,32968,6481,66249
Sligo,2017Q3,34,213,24.9,93333,115602,33019,6458,66427
Sligo,2017Q4,48,292,36.8,107179,127062,33070,6436,66606
Sligo,2018Q1,32,189,23.7,97666,124625,33121,6413,66784
Sligo,2018Q2,42,186,20.1,85652,108513,33173,6391,66963
Sligo,2018Q3,44,258,37.599999999999994,115833,146959,33224,6368,67141
Sligo,2018Q4,54,356,42.8,98500,123013,33275,6346,67320
Sligo,2019Q1,11,202,25.9,94666,128189,33326,6323,67498
Sligo,2019Q2,42,194,25.0,114000,130461,33377,6301,67677
Sligo,2019Q3,36,309,36.3,115606,131503,33428,6279,67855
Sligo,2019Q4,29,266,40.9,136166,154458,33479,6256,68034
Sligo,2020Q1,74,202,23.9,102583,116788,33530,6234,68212
Sligo,2020Q2,14,121,14.899999999999999,102166,123285,33582,6211,68391
Sligo,2020Q3,51,145,18.8,107500,128799,33633,6189,68569
Sligo,2020Q4,39,277,36.7,110962,131785,33684,6166,68748
Sligo,2021Q1,25,183,25.8,120666,139386,33735,6144,68926
Sligo,2021Q2,30,282,40.8,124725,145954,33786,6121,69105
Sligo,2021Q3,40,230,38.4,144611,166643,33837,6099,69283
Sligo,2021Q4,49,325,55.6,150600,170618,33888,6076,69462
Sligo,2022Q1,38,211,35.6,150166,169950,33939,6054,69640
Sligo,2022Q2,46,247,40.7,144666,165987,33991,6032,69819
Tipperary,2011Q1,63,153,24.3,111083,152126,68974,9344,158754
Tipperary,2011Q2,94,151,18.1,101000,114727,68974,9344,158754
Tipperary,2011Q3,73,169,16.4,85422,96325,68980,9301,158793
Tipperary,2011Q4,68,182,16.2,78500,87890,68987,9259,158833
Tipperary,2012Q1,40,161,14.2,67333,88803,68993,9217,158873
Tipperary,2012Q2,30,171,12.600000000000001,57049,74540,69000,9175,158913
Tipperary,2012Q3,57,188,15.3,58500,81603,69007,9133,158953
Tipperary,2012Q4,41,255,23.9,69833,94189,69013,9091,158993
Tipperary,2013Q1,25,178,15.1,69025,87871,69020,9049,159033
Tipperary,2013Q2,38,197,15.899999999999999,63333,80329,69026,9007,159073
Tipperary,2013Q3,23,218,20.1,77416,92045,69033,8965,159113
Tipperary,2013Q4,48,256,24.5,73016,93790,69040,8923,159153
Tipperary,2014Q1,28,182,16.9,77000,92871,69046,8880,159193
Tipperary,2014Q2,33,227,21.1,84431,92687,69053,8838,159233
Tipperary,2014Q3,34,296,27.1,65058,91517,69059,8796,159273
Tipperary,2014Q4,38,397,37.2,74926,93521,69066,8754,159313
Tipperary,2015Q1,36,300,29.200000000000003,85333,97428,69073,8712,159353
Tipperary,2015Q2,38,329,31.8,70333,96346,69079,8670,159393
Tipperary,2015Q3,44,322,33.7,88500,104590,69086,8628,159433
Tipperary,2015Q4,53,457,53.1,102753,115590,69092,8586,159473
Tipperary,2016Q1,35,306,32.5,85916,106961,69099,8544,159513
Tipperary,2016Q2,44,343,33.6,81000,98363,69106,8502,159553
Tipperary,2016Q3,48,372,41.5,100666,112852,69186,8459,159890
Tipperary,2016Q4,35,460,52.599999999999994,96333,113586,69266,8417,160228
Tipperary,2017Q1,32,330,37.3,100500,112722,69346,8374,160566
Tipperary,2017Q2,49,406,42.4,80416,104347,69427,8332,160904
Tipperary,2017Q3,45,430,52.900000000000006,116539,123071,69507,8290,161242
Tipperary,2017Q4,57,505,57.7,100833,113729,69587,8247,161580
Tipperary,2018Q1,38,366,43.099999999999994,101437,117266,69668,8205,161917
Tipperary,2018Q2,48,462,53.0,102857,114894,69748,8163,162255
Tipperary,2018Q3,42,406,53.1,119666,130990,69828,8120,162593
Tipperary,2018Q4,73,526,68.9,130000,130731,69908,8078,162931
Tipperary,2019Q1,73,384,50.7,119250,133324,69989,8035,163269
Tipperary,2019Q2,81,492,59.7,113078,122700,70069,7993,163607
Tipperary,2019Q3,92,441,59.1,130666,134648,70149,7951,163944
Tipperary,2019Q4,77,567,78.3,139369,138658,70230,7908,164282
Tipperary,2020Q1,71,386,47.0,121000,120322,70310,7866,164620
Tipperary,2020Q2,60,278,37.2,131166,132364,70390,7824,164958
Tipperary,2020Q3,87,342,43.5,113333,126374,70470,7781,165296
Tipperary,2020Q4,83,572,86.2,148083,150586,70551,7739,165634
Tipperary,2021Q1,58,384,61.2,155000,158583,70631,7696,165971
Tipperary,2021Q2,70,355,50.5,128500,141653,70711,7654,166309
Tipperary,2021Q3,63,462,75.4,154500,163035,70792,7612,166647
Tipperary,2021Q4,120,533,95.1,167610,177321,70872,7569,166985
Tipperary,2022Q1,83,432,73.7,156000,170845,70952,7527,167323
Tipperary,2022Q2,110,455,73.6,153666,163437,71033,7485,167661
Waterford,2011Q1,96,123,17.9,136333,144092,52364,8597,113795
Waterford,2011Q2,29,139,17.1,103583,123184,52364,8597,113795
Waterford,2011Q3,30,163,18.7,95924,114833,52370,8533,113914
Waterford,2011Q4,35,224,22.5,76998,101161,52376,8470,114033
Waterford,2012Q1,18,144,12.5,74666,89647,52383,8407,114152
Waterford,2012Q2,19,157,16.4,96833,103722,52389,8344,114271
Waterford,2012Q3,23,174,16.7,69000,95018,52395,8281,114390
Waterford,2012Q4,38,261,25.5,72500,99751,52402,8218,114509
Waterford,2013Q1,23,131,12.8,80333,96343,52408,8155,114628
Waterford,2013Q2,21,206,20.4,74000,98835,52414,8092,114747
Waterford,2013Q3,24,251,22.6,70033,89509,52421,8029,114866
Waterford,2013Q4,23,280,28.8,78333,103126,52427,7966,114985
Waterford,2014Q1,20,216,23.4,86833,108530,52433,7903,115104
Waterford,2014Q2,15,237,24.0,78850,101429,52440,7840,115223
Waterford,2014Q3,12,301,34.0,87833,113201,52446,7777,115342
Waterford,2014Q4,34,449,49.3,93169,111524,52452,7714,115461
Waterford,2015Q1,17,299,31.6,74500,106296,52459,7651,115580
Waterford,2015Q2,42,294,33.0,97244,111576,52465,7588,115699
Waterford,2015Q3,94,395,46.8,97833,117036,52471,7525,115818
Waterford,2015Q4,44,415,50.599999999999994,101000,122623,52478,7462,115937
Waterford,2016Q1,41,309,38.8,105000,128745,52484,7399,116056
Waterford,2016Q2,30,368,44.1,106833,120165,52491,7336,116176
Waterford,2016Q3,52,453,58.9,111833,129760,52602,7282,116630
Waterford,2016Q4,98,467,61.9,122333,133965,52713,7228,117085
Waterford,2017Q1,60,335,43.8,109666,129831,52824,7174,117539
Waterford,2017Q2,72,350,43.5,106666,124656,52935,7120,117994
Waterford,2017Q3,52,370,61.7,148666,168174,53046,7066,118448
Waterford,2017Q4,95,464,65.1,111666,141362,53158,7012,118903
Waterford,2018Q1,68,351,52.1,125000,145538,53269,6958,119357
Waterford,2018Q2,81,398,62.4,147799,157352,53380,6904,119812
Waterford,2018Q3,114,403,65.7,153250,162856,53491,6850,120266
Waterford,2018Q4,163,531,89.3,151073,166571,53602,6796,120721
Waterford,2019Q1,76,346,54.1,144000,156309,53713,6742,121175
Waterford,2019Q2,85,380,65.3,155000,170591,53825,6689,121630
Waterford,2019Q3,144,469,80.9,162285,172613,53936,6635,122085
Waterford,2019Q4,139,587,102.3,173333,173888,54047,6581,122539
Waterford,2020Q1,131,369,59.8,154166,161954,54158,6527,122994
Waterford,2020Q2,84,239,41.0,160766,171320,54269,6473,123448
Waterford,2020Q3,126,358,67.6,172750,188198,54380,6419,123903
Waterford,2020Q4,127,561,107.3,179500,189969,54492,6365,124357
Waterford,2021Q1,74,416,77.0,172000,184717,54603,6311,124812
Waterford,2021Q2,127,413,67.8,149333,162554,54714,6257,125266
Waterford,2021Q3,140,460,94.5,179250,205592,54825,6203,125721
Waterford,2021Q4,180,643,130.9,186666,201763,54936,6149,126175
Waterford,2022Q1,163,431,96.9,210492,224454,55047,6095,126630
Waterford,2022Q2,91,529,116.7,210000,220294,55159,6042,127085
Westmeath,2011Q1,33,82,9.7,109250,120148,36659,4921,86164
Westmeath,2011Q2,37,114,14.1,113166,123298,36659,4921,86164
Westmeath,2011Q3,24,127,13.700000000000001,86833,107025,36670,4875,86294
Westmeath,2011Q4,28,152,11.899999999999999,61887,79362,36682,4829,86424
Westmeath,2012Q1,24,116,7.8,64500,65644,36693,4784,86554
Westmeath,2012Q2,18,107,10.3,80333,96973,36705,4738,86685
Westmeath,2012Q3,21,143,13.5,85833,94714,36716,4693,86815
Westmeath,2012Q4,20,184,16.4,80833,89063,36728,4647,86945
Westmeath,2013Q1,13,98,9.1,79916,94163,36739,4601,87076
Westmeath,2013Q2,18,126,12.4,75416,97629,36751,4556,87206
Westmeath,2013Q3,17,134,12.7,76352,94265,36762,4510,87336
Westmeath,2013Q4,18,232,20.700000000000003,72750,87251,36774,4465,87467
Westmeath,2014Q1,23,144,11.8,79706,83382,36786,4419,87597
Westmeath,2014Q2,12,193,18.9,84000,98365,36797,4373,87727
Westmeath,2014Q3,15,262,24.900000000000002,84941,97275,36809,4328,87857
Westmeath,2014Q4,34,402,41.2,91750,104544,36820,4282,87988
Westmeath,2015Q1,11,213,20.8,88333,101139,36832,4237,88118
Westmeath,2015Q2,20,221,22.3,92166,101154,36843,4191,88248
Westmeath,2015Q3,26,277,29.4,89705,106422,36855,4145,88379
Westmeath,2015Q4,28,359,35.3,92267,99415,36866,4100,88509
Westmeath,2016Q1,24,185,19.8,93166,106090,36878,4054,88639
Westmeath,2016Q2,21,287,32.4,99527,115930,36890,4009,88770
Westmeath,2016Q3,30,302,35.5,107111,117314,36953,3988,89064
Westmeath,2016Q4,31,316,38.4,117666,121513,37016,3968,89359
Westmeath,2017Q1,22,323,30.0,92729,102001,37080,3948,89653
Westmeath,2017Q2,29,259,34.7,128500,133691,37143,3928,89948
Westmeath,2017Q3,41,311,44.9,135583,144802,37206,3908,90242
Westmeath,2017Q4,40,310,40.1,125333,131463,37270,3888,90537
Westmeath,2018Q1,36,266,41.6,152166,156586,37333,3868,90832
Westmeath,2018Q2,26,274,41.9,147625,153223,37397,3848,91126
Westmeath,2018Q3,33,262,41.0,158000,155786,37460,3828,91421
Westmeath,2018Q4,77,338,50.4,153333,148662,37523,3808,91715
Westmeath,2019Q1,52,232,35.4,158500,152656,37587,3788,92010
Westmeath,2019Q2,58,296,50.9,171133,172788,37650,3768,92305
Westmeath,2019Q3,63,476,73.0,148514,160280,37713,3747,92599
Westmeath,2019Q4,74,306,50.7,165666,165296,37777,3727,92894
Westmeath,2020Q1,84,247,38.4,153833,155663,37840,3707,93188
Westmeath,2020Q2,56,197,35.0,182333,175687,37904,3687,93483
Westmeath,2020Q3,59,216,35.9,149666,164278,37967,3667,93777
Westmeath,2020Q4,91,373,64.5,165000,172540,38030,3647,94072
Westmeath,2021Q1,97,296,53.3,179333,177829,38094,3627,94367
Westmeath,2021Q2,67,283,52.4,183000,184808,38157,3607,94661
Westmeath,2021Q3,41,307,61.699999999999996,195000,200907,38220,3587,94956
Westmeath,2021Q4,43,324,65.2,195041,200753,38284,3567,95250
Westmeath,2022Q1,71,243,50.7,204166,208671,38347,3547,95545
Westmeath,2022Q2,93,282,55.7,201500,196694,38411,3527,95840
Wexford,2011Q1,73,132,15.5,105999,118050,68143,14329,145320
Wexford,2011Q2,77,195,22.599999999999998,113283,117255,68143,14329,145320
Wexford,2011Q3,89,231,24.7,92666,106925,68146,14239,145540
Wexford,2011Q4,55,246,24.4,100666,99813,68149,14150,145760
Wexford,2012Q1,47,213,19.9,83500,93702,68152,14061,145980
Wexford,2012Q2,49,232,22.9,85166,97906,68155,13972,146200
Wexford,2012Q3,39,296,31.8,101166,107460,68158,13883,146420
Wexford,2012Q4,55,374,41.0,90250,110092,68161,13794,146640
Wexford,2013Q1,29,213,22.2,87994,103860,68165,13705,146860
Wexford,2013Q2,39,242,23.8,78583,98413,68168,13616,147080
Wexford,2013Q3,60,291,27.1,79152,94084,68171,13527,147300
Wexford,2013Q4,61,364,38.2,90166,105119,68174,13438,147521
Wexford,2014Q1,37,246,25.0,90333,101481,68177,13348,147741
Wexford,2014Q2,39,362,37.7,94500,103930,68180,13259,147961
Wexford,2014Q3,51,464,52.9,103250,114840,68183,13170,148181
Wexford,2014Q4,68,529,61.5,110460,118284,68187,13081,148401
Wexford,2015Q1,49,371,43.9,105662,118672,68190,12992,148621
Wexford,2015Q2,53,461,52.8,109166,114001,68193,12903,148841
Wexford,2015Q3,67,507,61.7,105397,122624,68196,12814,149061
Wexford,2015Q4,92,471,57.3,113750,121412,68199,12725,149281
Wexford,2016Q1,57,325,39.5,122416,123103,68202,12636,149501
Wexford,2016Q2,82,395,48.9,115000,123715,68206,12547,149722
Wexford,2016Q3,56,494,70.3,135000,144269,68365,12497,150297
Wexford,2016Q4,67,516,69.8,135000,135750,68524,12447,150872
Wexford,2017Q1,90,394,52.400000000000006,132199,134432,68683,12397,151447
Wexford,2017Q2,82,448,61.1,136250,137846,68843,12348,152022
Wexford,2017Q3,87,540,76.6,140206,141544,69002,12298,152598
Wexford,2017Q4,86,574,94.8,159500,165073,69161,12248,153173
Wexford,2018Q1,103,379,57.9,148333,151973,69320,12199,153748
Wexford,2018Q2,116,468,72.8,156333,155780,69480,12149,154323
Wexford,2018Q3,148,525,84.1,152916,159947,69639,12099,154898
Wexford,2018Q4,123,555,94.0,162833,169724,69798,12049,155474
Wexford,2019Q1,135,439,72.6,170000,166245,69957,12000,156049
Wexford,2019Q2,175,522,85.10000000000001,156344,161784,70117,11950,156624
Wexford,2019Q3,125,529,95.7,173916,180333,70276,11900,157199
Wexford,2019Q4,153,604,102.1,169666,168745,70435,11851,157774
Wexford,2020Q1,141,407,70.6,169333,173008,70594,11801,158350
Wexford,2020Q2,112,284,45.7,153166,161030,70754,11751,158925
Wexford,2020Q3,162,501,84.5,157333,168446,70913,11701,159500
Wexford,2020Q4,211,890,173.7,198540,195944,71072,11652,160075
Wexford,2021Q1,117,511,101.3,188083,198019,71231,11602,160650
Wexford,2021Q2,188,556,101.1,183666,181705,71391,11552,161226
Wexford,2021Q3,138,604,126.0,200750,208775,71550,11503,161801
Wexford,2021Q4,260,670,144.5,211597,215547,71709,11453,162376
Wexford,2022Q1,220,470,97.8,206325,207192,71868,11403,162951
Wexford,2022Q2,167,617,138.5,223197,224515,72028,11354,163527
Wicklow,2011Q1,74,136,27.6,184666,205150,54351,5377,136640
Wicklow,2011Q2,37,171,31.8,171666,186498,54351,5377,136640
Wicklow,2011Q3,60,205,37.4,167666,182884,54382,5330,136929
Wicklow,2011Q4,47,292,39.1,79763,135264,54414,5284,137218
Wicklow,2012Q1,23,148,22.1,130833,150708,54446,5238,137507
Wicklow,2012Q2,38,229,35.4,125833,152209,54478,5192,137797
Wicklow,2012Q3,58,253,53.3,180166,210247,54509,5146,138086
Wicklow,2012Q4,30,347,69.2,167916,199789,54541,5100,138375
Wicklow,2013Q1,30,198,42.5,138222,215273,54573,5053,138664
Wicklow,2013Q2,41,224,42.9,148082,194658,54605,5007,138954
Wicklow,2013Q3,41,300,61.400000000000006,172471,204896,54636,4961,139243
Wicklow,2013Q4,26,369,83.7,179833,222121,54668,4915,139532
Wicklow,2014Q1,29,283,63.5,181916,224756,54700,4869,139821
Wicklow,2014Q2,36,364,74.6,179000,204671,54732,4823,140111
Wicklow,2014Q3,36,372,91.69999999999999,221500,245712,54763,4777,140400
Wicklow,2014Q4,54,429,107.30000000000001,218396,250790,54795,4730,140689
Wicklow,2015Q1,51,283,69.9,192000,251062,54827,4684,140978
Wicklow,2015Q2,60,371,93.2,212500,250259,54859,4638,141268
Wicklow,2015Q3,102,389,97.6,227875,251738,54890,4592,141557
Wicklow,2015Q4,80,492,137.6,256338,281168,54922,4546,141846
Wicklow,2016Q1,55,296,90.0,255000,306031,54954,4500,142135
Wicklow,2016Q2,79,360,100.9,253333,279470,54986,4454,142425
Wicklow,2016Q3,88,405,110.7,246138,273079,55199,4453,142969
Wicklow,2016Q4,133,488,142.4,268500,291186,55413,4453,143513
Wicklow,2017Q1,100,369,109.4,265000,297501,55626,4452,144057
Wicklow,2017Q2,127,440,133.0,287000,302401,55840,4452,144601
Wicklow,2017Q3,116,466,149.0,296666,319177,56054,4452,145145
Wicklow,2017Q4,136,488,155.3,291805,320368,56267,4451,145690
Wicklow,2018Q1,140,384,120.5,284166,311731,56481,4451,146234
Wicklow,2018Q2,121,421,124.9,275666,296814,56695,4451,146778
Wicklow,2018Q3,125,415,130.0,297500,313414,56908,4450,147322
Wicklow,2018Q4,203,503,156.8,304000,311422,57122,4450,147866
Wicklow,2019Q1,208,352,104.5,290417,298128,57335,4449,148410
Wicklow,2019Q2,235,481,143.7,278518,298526,57549,4449,148955
Wicklow,2019Q3,354,667,220.9,314683,332927,57763,4449,149499
Wicklow,2019Q4,323,707,233.8,289587,330467,57976,4448,150043
Wicklow,2020Q1,224,450,129.0,254685,291049,58190,4448,150587
Wicklow,2020Q2,169,284,88.2,301667,310336,58404,4448,151131
Wicklow,2020Q3,276,414,130.0,296500,313536,58617,4447,151675
Wicklow,2020Q4,373,817,296.7,330066,363556,58831,4447,152220
Wicklow,2021Q1,134,527,193.10000000000002,349882,365216,59044,4446,152764
Wicklow,2021Q2,149,526,186.2,323500,348426,59258,4446,153308
Wicklow,2021Q3,229,639,250.5,342500,392000,59472,4446,153852
Wicklow,2021Q4,239,697,281.5,375116,401860,59685,4445,154396
Wicklow,2022Q1,268,420,151.1,337367,361707,59899,4445,154940
Wicklow,2022Q2,332,591,255.4,403888,431266,60113,4445,155485
